Stock_Ticker,Decision_Date,CAR,CAR/Sigma,Bootsratp p-value
MMM,2009-01-20,-0.01748885639967821,-0.37918846760866054,-1
POWI,2009-02-12,0.017041580466528712,0.34915540806072454,-1
LLY,2017-01-10,0.053493719866426294,1.149204633516133,-1
MON,2008-10-29,0.04203911854521543,0.7536989395677428,-1
YHOO,2010-04-29,-0.017260510198865472,-0.6796954502540921,-1
BBY,2012-12-07,0.016402660624885136,0.4397412674929134,-1
SYK,2009-01-27,0.07495072854326545,1.503946709910135,-1
GILD,2016-12-15,0.00826105933575923,0.40696028117678706,-1
LLY,2011-12-06,0.03882954836026498,1.9742769735226147,-1
DECK,2014-11-21,0.003154106900011067,0.07719018163719137,-1
EXTR,2008-11-05,0.05036768058786627,1.0863954361179993,-1
DECK,2016-06-14,0.033921998453893196,1.1138297375923678,-1
AMGN,2011-01-07,-0.0036879590742314675,-0.1621033394992781,-1
MSFT,2009-04-21,-0.004485321079229389,-0.14282525240614705,-1
PWR,2012-04-13,0.022244128271838973,0.9539567997533585,-1
CAMT,2011-08-11,0.018742782981038174,0.29412639025647686,-1
TGT,2012-11-20,0.01861644670189785,1.3416050689059624,-1
MON,2008-09-17,0.12494615868803272,2.0351892720847595,-1
RHT,2010-10-13,0.026514825253956577,0.716292712641089,-1
MSFT,2008-12-04,0.014427002949274764,0.27588027051931885,-1
DECK,2013-07-05,0.038542775534395585,0.8609747166989566,-1
HOLX,2013-06-27,-0.004355027403953354,-0.14032463468598658,-1
AAPL,2015-09-04,-0.012633383712234417,-0.5450426195467862,-1
TGT,2008-02-29,0.0111158513461446,0.23915361672189703,-1
AAPL,2016-01-20,0.023931391013057975,0.8852838236187724,-1
DEPO,2014-07-17,-0.0326546926029887,-0.3228771942102607,-1
V,2013-11-14,-0.0026496576512028518,-0.1225837115188461,-1
NKE,2009-07-15,-0.021313128272316257,-0.4741223331851969,-1
AMGN,2008-02-29,0.01643911576335127,0.5062879188034985,-1
DEPO,2014-06-17,-0.01845161258015505,-0.2732069992431511,-1
FFIV,2016-08-22,0.007793137917922111,0.15810851404901236,-1
POWI,2014-06-30,0.05788037618910515,0.6485926069688498,-1
VSAT,2014-04-24,-0.02565679892065754,-0.5563760843497361,-1
DECK,2014-09-02,0.013215993593634788,0.49141089443452335,-1
POWI,2016-11-16,-0.0021957781615113414,-0.13756876008300423,-1
ENZ,2012-11-01,0.22939106516645089,3.694608648806403,-1
RMBS,2010-03-08,-0.022029894306969208,-0.27909867906045743,-1
DECK,2015-01-05,-0.007420009993532262,-0.16231302485364674,-1
DECK,2014-12-02,0.003241829459338686,0.0752270259650104,-1
AMGN,2008-10-17,0.055718288963720886,1.1089803088253898,-1
AVP,2012-08-22,-0.025258166045101657,-0.6874908789356065,-1
ABT,2009-06-29,-0.027679964869591976,-0.6622961648950323,-1
KMB,2010-01-14,-0.02555237334555585,-1.1155626068507278,-1
NKE,2012-02-07,0.01226502956865067,0.5273349143746638,-1
MLHR,2013-07-31,0.010175976687317389,0.551748799502673,-1
GMED,2013-06-24,0.11160301873166084,2.412779454307413,-1
NTGR,2013-06-13,-0.002315792634977721,-0.05375976535455594,-1
NOK,2014-06-20,-0.020721427099004697,-0.5413613028502721,-1
MON,2008-02-19,-0.02610369372504552,-0.6138196326583412,-1
ACOR,2017-04-25,-0.10682887095063083,-1.1332457837479786,-1
SP,2016-12-12,0.006023187332851711,0.3220790099411567,-1
TECD,2009-05-07,-0.0697858782261784,-1.3032413708633723,-1
SNY,2016-09-22,-0.01774263925041919,-0.9498916739701042,-1
SUPN,2013-03-27,-0.10494945509412451,-2.6623490007831614,-1
VAR,2012-04-25,-0.07773597640343262,-4.377960178415814,-1
BRCD,2013-06-10,0.0875138605254539,3.611569788228837,-1
BELFA,2014-04-30,-0.07914665968471409,-1.6319254076809098,-1
SUPN,2014-10-03,0.030197804868904533,0.5475519470828253,-1
PBI,2008-10-16,-0.1500018606596365,-4.301502150078258,-1
AAPL,2013-08-26,-0.006068952559983232,-0.2627709241631283,-1
MSFT,2012-05-14,0.0015395766530128911,0.12150786885460982,-1
INTC,2015-09-04,0.03950821919580363,1.9694817069898558,-1
LLY,2008-07-02,0.03148092045790553,1.1710523757363958,-1
GE,2013-05-28,0.0007670582556962612,0.07624937077248234,-1
MON,2010-02-16,-0.004399197276759741,-0.2203323647034832,-1
ITW,2013-10-25,-0.008752773224871908,-1.189696722132111,-1
TGT,2010-08-09,0.012443724587600766,0.6041355748076686,-1
MON,2011-11-07,0.017398476128478398,0.5800297965932025,-1
EGRX,2015-02-24,-0.026244801237234838,-0.3479276078119505,-1
SHLD,2016-11-21,0.07984832795551507,1.6720941782992398,-1
TGT,2014-01-03,-0.0023751143472412212,-0.1291694971308776,-1
BELFA,2011-08-17,-0.08132372915487364,-1.6989387421868436,-1
ABT,2009-12-18,-0.01196343114038183,-0.5652136276910331,-1
BBRY,2015-02-04,-0.03462328145434368,-0.5866422064644107,-1
DEPO,2015-08-25,-0.07183205133584082,-0.5686426615936584,-1
WMT,2014-05-07,0.011178997164700714,0.7170188855157958,-1
DE,2012-01-27,-0.01321494352631166,-0.46875590529735345,-1
ROK,2013-03-15,-0.021550131499562718,-1.341612165153205,-1
AAPL,2015-10-26,0.0034990555133871913,0.10895387680545701,-1
MSFT,2016-12-23,-0.007904454203226796,-0.4071332960821792,-1
AVX,2016-01-26,0.01965059819115355,1.4132666098674684,-1
SSNI,2016-07-26,0.029755588894015004,0.7327243059690759,-1
WDC,2011-12-28,-0.013141411524548502,-0.19370766249145766,-1
MON,2008-10-16,0.02055329890052668,0.36241642444429123,-1
MON,2010-03-04,-0.008948225689431695,-0.5220559184318424,-1
DCI,2010-08-09,0.01548983195326795,0.8952251617096175,-1
NKE,2016-09-23,0.009737081201659267,0.6951563371981733,-1
MON,2008-06-13,0.04406343674584078,0.5925803380448639,-1
SSNI,2014-06-06,0.13469401451562024,3.0170438440219813,-1
AAPL,2010-01-15,0.015821815848871743,0.6446826336121344,-1
HOLX,2011-10-17,-0.03771518130601158,-1.4057901625930525,-1
CIX,2010-01-22,0.028762785220427342,0.37926975325283663,-1
NATI,2013-06-19,0.04230781615742571,0.9277588281551167,-1
CGNX,2014-06-30,0.038253113905761874,1.1049326828018906,-1
AAPL,2011-06-24,0.0376269933426601,1.845584945175763,-1
ILMN,2016-09-09,0.02389304922749964,0.5542971019884683,-1
AAPL,2015-09-24,0.06080352531585547,1.9742967319188238,-1
DEPO,2014-08-19,0.09129363016014555,1.6842642342198975,-1
AAPL,2012-06-26,-0.01516186006512255,-0.3437164865366053,-1
JCOM,2016-12-15,0.013712252438890803,0.368218665073248,-1
TGT,2013-08-14,-0.01949953577350506,-0.9243891366462496,-1
HOLX,2012-01-09,0.004630697436063537,0.103449970847102,-1
FOSL,2010-11-30,0.02749372376445934,0.8495179454709182,-1
POWI,2008-12-12,0.07661523901233258,0.8228032651431977,-1
CTXS,2013-03-20,-0.029643474441475064,-0.6092166065632529,-1
FOSL,2016-03-28,0.003726199594738579,0.06630648242554436,-1
DEPO,2016-05-18,0.1414416904405639,1.8305794057068525,-1
PH,2008-04-22,0.03752517277243668,1.6059536319087648,-1
LLNW,2016-07-01,0.0035763552241147717,0.06570313134392354,-1
MSFT,2013-04-05,0.024424691065359987,1.6205934000146491,-1
ACOR,2016-01-21,0.05788400566829072,2.3801245471919144,-1
BSX,2008-05-27,-0.0232026840831508,-0.6889655259514136,-1
NTGR,2009-10-02,-0.03210037413098695,-0.7435728498620278,-1
MON,2016-02-02,0.055076325996426714,3.2495745903195328,-1
BSX,2010-02-02,-0.047061076742417926,-1.65143809910301,-1
IPXL,2013-06-19,-0.034892384923473255,-1.0871384745946844,-1
MASI,2014-10-01,0.0778358460603767,1.5950390834273096,-1
WHR,2016-04-06,-0.0029296544511360845,-0.09207745017816231,-1
HON,2014-02-05,0.005665808290774781,0.6802773092490413,-1
ALG,2013-03-08,0.07008117807218095,3.40943369855199,-1
MITK,2013-10-08,-0.0011706745525072067,-0.01798202758094272,-1
MSFT,2012-04-11,-0.005425672324069826,-0.21317135081993774,-1
ACOR,2015-12-22,-0.029695377588392434,-0.5579036040943235,-1
SUPN,2012-09-12,-0.16622917054514807,-0.48469629573435025,-1
MMM,2012-06-21,0.0039030398085984665,0.3809219438117922,-1
LLY,2010-03-31,0.021555924822524934,0.9213153958231679,-1
MON,2013-09-30,-0.010818475019923082,-0.44907854531809627,-1
CSCO,2010-05-17,-0.021487779933938283,-1.1391295399548838,-1
FFIV,2016-09-07,-0.007257469186296862,-0.33014974557531507,-1
WBA,2017-01-03,-0.01795389486836456,-0.6760416458938485,-1
STI,2016-05-20,-0.015107149911736773,-0.5809309877725684,-1
ROK,2012-10-16,0.0023425068581737866,0.10117704733002914,-1
HAE,2009-08-19,-0.01926931740297155,-0.6007307952862365,-1
AAPL,2011-06-14,-0.004077240230950462,-0.17638363014669675,-1
IPGP,2012-12-14,0.05594949505602767,0.8437110213267716,-1
BELFA,2014-03-31,0.026647485487413546,0.6386472705058501,-1
DCI,2011-01-25,-0.017693687795018623,-0.8008946979390065,-1
CREE,2012-06-27,0.01882601984324231,0.38278575094599143,-1
WMT,2017-05-02,0.007818202403562163,0.38936993556724564,-1
CTXS,2008-06-02,0.039672848644013034,0.8470714454020853,-1
BSX,2009-07-06,0.02013007317465528,0.4721979718679555,-1
IPXL,2017-04-17,-0.10104832689910287,-0.6539684380619424,-1
MON,2009-11-12,0.022777830251346127,0.8208110695187568,-1
AAPL,2012-11-07,-0.0487025118299148,-2.238089016761617,-1
AMRI,2010-06-14,-0.0392461656277141,-1.1133860949365166,-1
NVDA,2011-04-05,-0.022305986806401744,-0.2726752892927198,-1
WMT,2010-01-13,-0.013947786103653756,-0.9505830902376461,-1
POWI,2015-12-18,0.02547119001354878,0.5478838171716285,-1
NKE,2012-02-09,0.0053800440465883725,0.2152395926248554,-1
MASI,2014-10-17,0.035828845820912766,0.7136104389077795,-1
MSFT,2014-06-13,0.01883908723657468,0.9353178873399182,-1
SNPS,2014-11-17,-0.003070142039680173,-0.27931034718607045,-1
MON,2012-09-24,-0.013571678900659174,-0.7051268587659983,-1
NVO,2009-09-25,-0.019821537386971837,-0.5863205164144238,-1
DECK,2013-10-29,-0.018502533426120085,-0.6411899999515794,-1
NUVA,2011-09-20,-0.030745035954895153,-0.8613948872814952,-1
VRX,2013-11-14,-0.01591531776096688,-0.6047174581776585,-1
COST,2008-07-17,-0.03410257291428041,-1.3744315292491731,-1
AAPL,2009-04-23,-0.002323701660462453,-0.06795120083476547,-1
CAMP,2016-02-24,-0.02203410023664737,-0.3700837156696872,-1
MON,2009-02-09,0.012520373117275097,0.19023585321914224,-1
CTXS,2012-06-18,0.0007735679457213597,0.01674276556940803,-1
MON,2009-07-02,-0.007860492229278822,-0.22753879306139238,-1
VZ,2011-10-14,0.002370498690538684,0.11051368343729583,-1
EBAY,2013-04-05,-0.0035983825049811648,-0.16120534960116842,-1
DSW,2012-02-22,0.015153695141804016,0.3454882100801871,-1
BSX,2008-02-14,0.02153946273931562,0.5633271426346812,-1
NTGR,2013-08-08,0.009925131356260365,0.4001549229132489,-1
TXN,2014-06-20,0.0058584440504762855,0.2137005549389764,-1
INTC,2009-10-08,0.026099397111964025,1.2780486980288095,-1
SNA,2014-09-25,-0.007516810481274375,-0.3500306410442079,-1
WHR,2017-04-12,0.024346513016501436,0.6491843589504347,-1
MSFT,2012-12-26,-0.01263921683468735,-0.6605769795362001,-1
WHR,2016-05-17,-0.023622033170079305,-1.060240024457052,-1
MON,2008-04-24,-0.07339989648056709,-1.3242546069916508,-1
BRCD,2013-02-12,0.05357347949895733,2.135974502088284,-1
WHR,2016-07-20,0.05775664412615629,2.271444530252691,-1
EXTR,2009-03-16,-0.05419379524319112,-0.604669674493402,-1
AMPH,2016-05-09,0.08058796541801752,1.2539771481629753,-1
BMY,2013-11-05,-0.02259035560382567,-1.142778517387076,-1
NVO,2011-02-18,0.01448051962691658,0.5248064700259581,-1
NTRA,2016-07-19,0.01439890109206218,0.14312898229196283,-1
HON,2012-12-05,0.014297581438922947,1.1406837976377924,-1
ZBH,2011-12-30,-0.007842417802742235,-0.34300087217220265,-1
CGNX,2015-05-14,0.007109342241894155,0.24370209967212322,-1
CSCO,2014-01-30,0.021462203883434575,0.4417483996964351,-1
MSFT,2009-08-11,-0.016797308873934786,-0.7167645432198977,-1
FNSR,2013-08-02,-0.034877911402694,-0.9134762428313984,-1
GRPN,2016-05-20,0.017562212555652185,0.2087718793648317,-1
MMM,2014-04-29,0.02057862815010685,1.7265792265539353,-1
SNY,2017-01-05,-0.007861697731839028,-0.2562134357471276,-1
POWI,2011-01-19,-0.1401506180499304,-4.23822911100617,-1
MSFT,2010-03-16,-0.0018156360781794512,-0.09604062710513366,-1
AMAT,2010-07-06,-0.054619826233245725,-2.2544609491283314,-1
NVS,2015-09-14,-0.010137283083716593,-0.4570448730810958,-1
VAR,2012-05-25,-0.016765570500368948,-1.3678226852339261,-1
AAPL,2015-10-19,0.024894693965756998,0.7768149087609342,-1
ENZ,2012-11-29,0.09665134258090703,1.3521451525316577,-1
PCAR,2015-01-05,-0.01124006363120695,-0.6442575548958883,-1
SYK,2013-08-07,0.00881943058339847,0.7906452208931133,-1
YHOO,2012-12-19,-0.03205880854716554,-1.0710114808566908,-1
NVDA,2013-08-12,0.03029499992080215,1.191425673810969,-1
TGT,2012-11-06,-0.0075668839633564675,-0.45002341001731777,-1
DCI,2011-02-28,0.0021491181251736503,0.1541319813488525,-1
MON,2009-06-15,-0.03373725334140253,-1.089426760455588,-1
NKE,2008-11-28,0.013752301447791136,0.21164812780642916,-1
MGI,2009-09-24,-0.0521734348055475,-0.38077370049083464,-1
LLY,2015-09-28,-0.006496104503126966,-0.3206906635874353,-1
CTXS,2014-09-11,0.0009231938366648035,0.04179715159340522,-1
CAMP,2017-04-24,-0.018079255927795735,-0.7809490496905586,-1
DDD,2013-06-20,-0.03345514079468556,-0.5967454529768224,-1
YHOO,2016-05-20,-0.023343234487990337,-0.9516508479489765,-1
PFE,2011-07-26,-0.007069704567107668,-0.39353293414618806,-1
MTSI,2014-06-16,0.039368064219488796,1.24779927570208,-1
MON,2009-07-10,0.032127158404954004,0.7220255907235474,-1
WBA,2016-11-21,-0.007875875025752502,-0.43051209563854104,-1
BHI,2009-12-11,0.03228826891332574,0.8764191502068969,-1
NATI,2012-02-29,-0.02303445247705723,-0.6830254867977613,-1
DECK,2014-05-05,-0.0294102321332841,-0.5185874720306621,-1
AAPL,2014-09-19,0.010666920757713921,0.591443905697985,-1
EXTR,2008-10-29,-0.07745845859042498,-1.8011201240984513,-1
ELY,2010-03-05,0.043598501104252285,1.314521051760573,-1
AAPL,2014-11-17,0.012168441853928541,0.43069499688867874,-1
AHPI,2016-02-12,-0.05540974719946393,-0.9717682128042028,-1
SUPN,2016-02-18,0.04398771358478283,0.7067010035505812,-1
EBAY,2013-05-08,0.0345927755742737,1.1397514205713395,-1
DECK,2014-08-18,-0.02221989519837205,-0.8958338717557056,-1
MON,2010-10-29,-0.020264875981496618,-0.7031852276308009,-1
LLY,2017-03-13,-0.00017888320906633316,-0.0063375167807854975,-1
SNPS,2010-09-29,0.0065473133561273315,0.48737845450173,-1
AAPL,2014-03-06,0.002199740126086081,0.08515454903060048,-1
AKAM,2008-02-29,0.10414504612530985,2.0479478379744154,-1
HAE,2009-06-24,0.0203775089538558,0.4966206499262174,-1
WHR,2016-10-25,-0.10181587758009528,-5.006561590262033,-1
ACOR,2017-03-29,-0.28236863353954567,-3.627623598674638,-1
MNTA,2016-05-09,0.09428350574725519,1.0282433056470965,-1
MKSI,2009-06-25,0.030018108414840188,0.4690523421565277,-1
MON,2010-08-23,-0.010671240202816911,-0.26858169957733774,-1
ALG,2012-02-06,-0.0516551242150411,-1.3862813823903217,-1
AAPL,2012-08-24,0.008902517735083087,0.5413626066729958,-1
AMAT,2010-07-23,-0.017050844388340623,-0.7514165303783873,-1
PRGO,2009-04-17,0.05680881701368111,0.5735523014716047,-1
IPXL,2010-07-14,-0.08432381512051751,-1.4720031913928984,-1
PFE,2010-07-14,-0.012960362740966746,-0.5829343417475131,-1
BSX,2008-08-01,0.08315028803588781,2.712860748441531,-1
COF,2015-11-17,0.005751971832914902,0.32859103823529207,-1
JAKK,2010-09-28,0.05083451183797523,1.3692139496627405,-1
BDX,2008-10-29,0.04973384903385858,2.22890490368486,-1
AMGN,2011-02-16,-0.03186202897729555,-1.3725038947490367,-1
BDX,2012-05-22,-0.008893798780388904,-0.934832642816874,-1
COST,2009-07-07,0.0294486601742714,0.85757458844073,-1
DECK,2017-02-15,0.030730107085715986,0.6326717294709652,-1
GGG,2016-12-01,0.016020349172933143,0.6519477103933243,-1
AAPL,2015-12-21,-0.011030935770686378,-0.38114233325910757,-1
NKE,2012-11-01,0.040540125267750964,1.778326094754875,-1
CELG,2016-01-04,0.04231254308922739,1.234374591199287,-1
BRCD,2013-01-10,0.0313548734316537,1.0504382729865909,-1
NUAN,2013-05-22,0.02701286706965949,0.7053412425762068,-1
DEPO,2014-06-09,0.0593243135591376,0.9041657064558283,-1
FOSL,2014-06-27,0.023764033588160496,0.5152580602664222,-1
SHLD,2017-01-03,0.1256079732276813,2.194646086519215,-1
DEPO,2017-01-13,0.006831934421557382,0.0842517411480886,-1
AAPL,2014-11-25,0.01738532966862542,0.6038455464662048,-1
FFIV,2016-03-15,0.0009848642610207877,0.03285231434299488,-1
EXTR,2008-05-30,-0.016265018408059093,-0.4479913244855645,-1
NKE,2016-02-29,-0.014904881749682379,-0.7182583917428168,-1
NVS,2014-08-04,-0.012091700173662179,-0.9516761077446207,-1
CTXS,2012-09-17,0.03674897196330083,0.7377345910416213,-1
P,2012-02-21,0.0368132961019139,0.47169631856780847,-1
FDX,2010-03-17,0.034249601683213934,1.354027862395921,-1
WHR,2015-11-12,0.020031475048043923,0.7993650449224853,-1
JBT,2017-03-08,0.016296599874208628,0.6520035593305913,-1
AAPL,2013-02-26,0.006982756650408556,0.18842411283667612,-1
SYMC,2015-02-06,-0.028501169548128945,-1.7348206421584695,-1
MON,2008-04-22,-0.08353945958790486,-1.5598633504249046,-1
YHOO,2010-03-08,0.0411264922060444,1.4732238524945713,-1
WHR,2010-04-09,0.008847104362096719,0.274363070530244,-1
AMZN,2015-04-20,-0.021529995506551044,-0.4052803681144474,-1
MNTA,2013-12-20,-0.03726352001019839,-1.2893644088119074,-1
NTGR,2017-03-02,-0.027377601097596328,-0.8881693672472151,-1
LLY,2017-03-29,-0.009380083146893672,-0.44091387104221796,-1
PH,2008-08-29,0.011814777915374136,0.4295389128156395,-1
MON,2010-05-12,-0.06221880082188481,-2.3622148837258,-1
BBRY,2016-01-19,-0.03109187715811922,-0.6955780237311704,-1
ZBH,2011-10-03,-0.03901563856687726,-1.6429520709269758,-1
DEPO,2015-07-20,0.07918505014848394,0.9817448223625552,-1
SCMP,2016-11-21,-0.009219114054860995,-0.2297489218850289,-1
BBRY,2014-03-28,-0.19237170082936003,-2.8169527311641884,-1
NTGR,2009-11-24,-0.01436738280634758,-0.2718103863004404,-1
CSCO,2011-04-08,0.0027361121033997685,0.045673487805602896,-1
REGN,2017-01-05,-0.07879923583419572,-1.275890131376708,-1
RMBS,2012-01-11,0.07124281892763352,0.20001603192182565,-1
LLY,2012-03-09,0.024949707465917133,1.1254726163595332,-1
SNPS,2012-04-26,0.017489065738909234,1.4619665783862528,-1
AAPL,2014-11-20,0.018619990567334748,0.6688404680339333,-1
GE,2014-07-07,-0.011975799363086341,-1.0775571972171332,-1
AAPL,2015-08-20,-0.023360556648762576,-2.4095865028945056,-1
IPXL,2013-12-06,0.0011209858479703724,0.03631201998114417,-1
GES,2016-01-20,0.00878845039215879,0.13454566876924895,-1
NUVA,2011-09-29,-0.19113259581936182,-4.94583146207629,-1
DEPO,2016-09-30,0.04238227239296491,1.1543009348171378,-1
CSCO,2014-09-18,-0.013394791244588857,-1.2137036555787144,-1
MON,2009-10-08,-0.007357968016897034,-0.23753834908980304,-1
SCMP,2014-12-02,0.10863657683357142,1.6334652065939297,-1
CMG,2015-01-13,-0.07395477903856171,-2.3641571318549066,-1
DORM,2010-01-05,-0.028866957154095,-0.47043966101609813,-1
POWI,2015-06-05,-0.008405314670400637,-0.27551172926224055,-1
AAPL,2015-09-18,0.02009634403598179,0.7729257141328187,-1
SNPS,2016-03-10,-0.0010195300642903077,-0.06512860722739333,-1
TSN,2014-11-17,0.024520049049211665,0.9486940415572972,-1
AMZN,2012-04-11,-0.005945362284996744,-0.12042460729658397,-1
RTEC,2015-02-09,0.005342489104511714,0.1736162667674461,-1
YHOO,2013-01-02,0.0009004829437060306,0.03319312131034915,-1
ILMN,2016-07-12,0.057640030317930774,0.5431413426727708,-1
DE,2016-06-22,-0.021070977992030112,-0.7115684576297816,-1
MDCO,2015-03-27,-0.015538478610952797,-0.3704350358911779,-1
ANDE,2015-06-05,-0.04119949846713859,-0.9235194492308961,-1
WHR,2016-05-06,-0.028469112300083164,-1.1107908496126402,-1
BMY,2014-01-16,-0.02319648128766805,-0.7375483764174517,-1
MMM,2009-09-08,-0.00704628576096487,-0.26884755091113316,-1
SUPN,2015-10-16,0.09096371896308086,1.103987873415577,-1
ACOR,2015-12-15,0.044811531325734226,0.7779172301291287,-1
HOLX,2012-09-04,-0.01708891498096159,-0.7791717974420964,-1
STI,2011-04-12,-0.032742853575622045,-0.89396885205115,-1
WDC,2013-01-02,-0.053260711148443864,-2.3107716675226047,-1
MON,2009-06-17,-0.04338627960884707,-1.370751116788716,-1
AAPL,2011-10-25,-0.0067186090323376815,-0.34635791875359684,-1
POWI,2014-07-03,0.0003252526662165245,0.003670672111720699,-1
WHR,2015-10-30,0.004943902000280987,0.1821749014002718,-1
MDCO,2011-10-13,-0.0013347438951192073,-0.036924039109840254,-1
AAPL,2017-01-27,0.009592813638707587,0.42333042936620613,-1
MDCO,2014-11-12,0.02416192422954324,0.6725449457136747,-1
MAT,2014-05-20,-0.014312607956789885,-1.0610685534741324,-1
NUAN,2014-02-04,0.01879723544100946,0.2289202666391789,-1
CSCO,2016-05-12,0.005919483299679116,0.4571033528314281,-1
MMM,2011-11-22,0.012314947481000274,0.7337286709205718,-1
YHOO,2009-12-09,0.014623052532279362,0.3628800694907011,-1
KMB,2009-12-23,-0.020346083579206517,-0.7567717385123839,-1
INTC,2014-05-08,-0.009448133076957391,-0.8059676490289588,-1
AVT,2016-01-28,0.00021721514856120477,0.01091341824421735,-1
GE,2012-03-08,0.00785789768815387,0.4022634980470687,-1
IPXL,2014-06-23,0.048033263296776096,0.9056506915558814,-1
BELFA,2010-12-29,-0.04452548079846029,-0.7427324322467607,-1
FISV,2009-10-23,0.016813542200471987,0.9376962488621413,-1
VZ,2011-08-02,0.03866590246941636,2.861542436587005,-1
INTC,2014-05-09,-0.008455940636897107,-0.721068249765512,-1
MSFT,2014-11-25,-0.012205962967251226,-0.6948005653744993,-1
RDWR,2016-08-22,-0.014661379942751754,-0.5239510246824545,-1
AAPL,2012-10-31,-0.0654368475450553,-3.0293371785023107,-1
GE,2011-02-10,-0.006729563605825222,-0.41250532281215585,-1
WLK,2016-12-29,-0.0007151718909734501,-0.02695209929047852,-1
NTGR,2009-12-31,0.004829858877836754,0.12691242103768613,-1
MMM,2008-12-10,-0.023218679763026943,-0.5482808121421532,-1
YHOO,2011-09-30,0.05069323597751973,1.0113890896963649,-1
JNJ,2011-03-31,0.02042160510890005,1.637997952625297,-1
DISCA,2010-06-16,-0.01376951878892841,-0.5677392311872167,-1
AAPL,2013-02-28,-0.06749672125346198,-1.7568364710371474,-1
GGG,2016-11-17,-0.032899398571410665,-1.6469382937096666,-1
AAPL,2012-11-06,-0.053212549415804125,-2.4425874208144824,-1
BSX,2011-05-12,-0.005104273029810452,-0.12254138026721416,-1
AAPL,2010-10-01,0.001912169835768602,0.08261316127179737,-1
BKS,2014-11-04,0.03244751663419988,0.8083080961932391,-1
OSTK,2015-01-16,-0.13545617039707325,-2.5707053274673712,-1
IPXL,2012-06-22,-0.04785985110639032,-0.9880831852611011,-1
TGT,2010-12-07,0.0034878771969946137,0.2578176037934814,-1
MNTA,2011-10-21,-0.11867138423081591,-2.856228710321762,-1
BRCD,2011-09-06,0.09585560413189932,2.365801195162821,-1
MON,2009-03-23,-0.03125509414146606,-0.41492286984185867,-1
ACOR,2015-10-29,-0.006738884731731492,-0.12413183726446192,-1
ITW,2008-12-10,-0.0044216478658067335,-0.09401380963578039,-1
WHR,2017-02-17,0.002124947719535469,0.11185269191437978,-1
MSFT,2009-05-20,-0.013632225690452289,-0.2994099390605822,-1
MON,2012-07-02,-0.0006062032557054555,-0.02795622809373695,-1
MMM,2012-06-19,-0.00017086550933474026,-0.01730556378801633,-1
AAPL,2015-02-24,0.01293436074532513,0.6934720035785196,-1
MON,2009-06-04,0.01952949276608605,0.4837575590466158,-1
SUPN,2014-04-07,-0.09169613656828471,-1.654531820795873,-1
TECD,2008-11-19,-0.15003414136238735,-4.329769748190773,-1
IPXL,2013-04-24,0.06874731740883955,0.5763562653837908,-1
ENZ,2012-11-07,-0.07070836243219948,-1.0225408623467345,-1
LLNW,2008-02-29,-0.3898679126744503,-4.730177560662664,-1
MON,2009-07-29,0.006915218357246571,0.15460925323608685,-1
INTC,2010-11-10,0.043079428477606964,2.252724637135933,-1
SYK,2011-01-28,0.007739943716255509,0.4242998387911678,-1
RDWR,2016-09-07,0.035469010318749036,1.3650763501760803,-1
LLY,2017-05-18,-0.031606402082771545,-2.06722332794753,-1
ILMN,2013-06-19,0.02627966903469057,0.5790337966796764,-1
MSFT,2015-07-15,-0.00884863710757492,-0.2191438120156597,-1
BELFA,2014-05-12,-0.02887733952012079,-0.8481198904185465,-1
PFE,2008-06-20,0.016457972208579037,0.7446593349620014,-1
AKAM,2016-07-01,-0.014484679174455678,-0.4851231288485082,-1
IPXL,2013-07-16,-0.017098244537759547,-0.37948831985322373,-1
BSX,2009-01-23,0.07423335065529918,0.7580291595340584,-1
IPXL,2014-07-16,-0.016701231427895036,-0.5174886513064095,-1
MMM,2012-11-30,-0.005840765911663561,-0.4541112806156638,-1
TEX,2011-07-21,-0.06319457055417563,-2.2809473501473714,-1
AMGN,2015-12-09,0.029476744549295122,0.854384637238433,-1
CSCO,2017-03-02,-0.004679579061286319,-0.4441076882526415,-1
DECK,2012-06-04,-0.046227745319278195,-1.2769600514926889,-1
WHR,2016-09-12,-0.010723520106121149,-0.462595730748871,-1
CENT,2010-06-02,-0.0010974747792945692,-0.027854011751588085,-1
ROK,2013-10-07,-0.013515940502392016,-0.5782312374344217,-1
AET,2008-06-10,-0.02912094051388039,-0.6039605008668691,-1
DECK,2014-04-21,-0.0018461118808167955,-0.028748311661604197,-1
NUAN,2014-06-04,0.02060026699475758,0.568172026458417,-1
MNTA,2011-10-07,-0.011456708412299503,-0.2827047939206176,-1
MON,2009-01-29,0.00893252457256649,0.14307867639567654,-1
MNTA,2012-07-24,0.057207501094697855,1.3949668007087985,-1
MSFT,2016-12-14,-0.00662022156761808,-0.36141124468165076,-1
VRX,2015-06-12,-0.004985580765045126,-0.15215403861134516,-1
BRCD,2012-08-06,0.032876247838074635,0.563364015465738,-1
ILMN,2013-03-14,-0.010925433406088692,-0.23036369065554105,-1
STT,2016-05-20,-0.000411491329169001,-0.021152393473821435,-1
HAE,2009-01-30,0.08737323052101029,2.45579319765185,-1
AAPL,2016-12-22,0.004644753358405862,0.2970318928098468,-1
MGI,2011-05-17,-0.07824101304653588,-1.1455309423011293,-1
WHR,2017-05-15,-0.003017460940443502,-0.20513962113781406,-1
MMM,2013-10-31,0.008578323056289253,1.1709403460106236,-1
MMM,2011-11-23,0.006060245034087537,0.36035750587263327,-1
GPRO,2017-05-16,-0.009226151951964108,-0.12173516014273009,-1
ELOS,2014-12-12,0.013914857710422196,0.44911859610648075,-1
SYK,2015-05-18,0.014786402813028149,0.7935367630204506,-1
MRO,2016-03-16,0.028032127617538233,0.2908245253000623,-1
AAPL,2011-11-22,-0.0062609855393521985,-0.22481495502460874,-1
GE,2016-12-12,0.002004382401987842,0.1819315771072107,-1
DECK,2013-11-25,0.04760534185477369,1.0939275340401695,-1
MON,2015-03-03,-0.00951137679649883,-0.8081631103531004,-1
MMM,2013-10-29,0.009726882702027399,1.2736591563640935,-1
FOSL,2014-09-22,-0.01581989512544583,-0.7458541268473916,-1
WHR,2016-04-22,-0.06212856460480585,-2.2324367284107725,-1
SUPN,2013-06-19,-0.0011618838175781587,-0.014206597302250025,-1
CAMT,2015-02-09,-0.10973527866552721,-1.9551388117667392,-1
DECK,2013-09-23,0.046429622057450805,0.9406807222438189,-1
INTC,2009-12-18,0.03237623998225832,1.4049657178746928,-1
AAPL,2014-11-21,0.01614295313727226,0.5595991917748585,-1
RDWR,2016-03-15,-0.015792071499543266,-0.41377752543942486,-1
POWI,2017-03-10,0.022367392264734866,1.052183155751994,-1
MNTA,2016-03-01,-0.06341053719895444,-0.9957191006029728,-1
SHLD,2017-05-12,-0.35808981112613436,-3.0345534436429595,-1
WHR,2016-07-14,0.0273182488872653,1.0678565534315225,-1
JNJ,2011-01-28,0.00037790569346289084,0.037696269049454056,-1
IPXL,2011-10-06,-0.01367214577540643,-0.21970333624418112,-1
PRGO,2011-05-17,-0.009021652153943032,-0.38658981604905196,-1
MKSI,2010-06-28,-0.023679304949232358,-0.377558087294327,-1
WMT,2017-03-08,0.018024295645620046,0.9638479889406721,-1
HOLX,2011-10-25,-0.021280058157693637,-0.978791029137595,-1
SYK,2013-02-05,-0.0038866735488413857,-0.3319757290896132,-1
BSX,2012-03-13,-0.022588084127015018,-0.9350327231924291,-1
WHR,2016-06-22,-0.063938093979698,-3.106248314674692,-1
CAMT,2010-11-17,0.0021284855827984122,0.055557785981753434,-1
AAPL,2009-12-03,-0.05333451054889371,-2.0830819478933362,-1
HON,2014-06-17,-0.004277039755549227,-0.4232777802717763,-1
MON,2010-09-21,-0.07399742040480425,-1.6509485493528646,-1
CAMT,2009-03-05,-0.1744414736106989,-2.0127303493498174,-1
HAS,2010-11-29,-0.0015913561790069503,-0.10191067466790026,-1
CSCO,2011-09-28,-0.01958981111878594,-0.42863939220155045,-1
YHOO,2009-05-15,0.021059339380453845,0.40465634969390274,-1
AAPL,2014-05-02,0.015021945035816718,0.9055090169462858,-1
GEVO,2012-07-06,0.024714567056878703,0.35304846977276594,-1
AAPL,2013-11-21,0.006298426052249214,0.15807255433682585,-1
BOX,2015-08-20,0.10454012973125064,1.9852072947102009,-1
ITW,2016-06-01,0.01148250338989236,1.1457517029989364,-1
CIX,2010-10-08,-0.03243542489573678,-0.4704404679955478,-1
CGNX,2014-05-01,-0.017749262510885128,-0.3708030255733443,-1
ALG,2010-03-02,-0.03036480923638692,-0.8297237916530198,-1
ACOR,2016-08-18,0.08411855396202772,2.1633308320247635,-1
EXTR,2009-03-19,-0.10653184418969809,-1.2647600528188359,-1
LZB,2016-03-16,0.010043768874556956,0.28320089548370264,-1
RTEC,2015-07-07,-0.012302239556154455,-0.23489250066518536,-1
VZ,2011-11-23,0.001564668471543346,0.11742262781638779,-1
CTXS,2009-08-24,0.006115222909159511,0.1904669229602174,-1
MSTR,2008-11-20,0.04150743590975594,0.9159873577784305,-1
WMT,2016-11-21,0.02071706034689448,1.0420243805090905,-1
ADBE,2015-05-01,-0.020648455434078464,-0.8294817565120065,-1
MON,2008-12-03,-0.04753936285907681,-0.5113947624617928,-1
IPXL,2014-05-15,0.016597004555660086,0.35343272360680955,-1
IBM,2011-02-23,0.0009199554456901576,0.08652220273365621,-1
DAL,2017-02-24,-0.020431718631825302,-0.7502653320179608,-1
AAPL,2013-03-01,-0.02055915340490353,-0.5276384922900903,-1
NUVA,2012-03-02,-0.021556361765362863,-0.2821955629748974,-1
ANDE,2014-04-28,-0.030612587649002303,-0.5728273340930519,-1
YHOO,2010-02-01,-0.0012711266508922611,-0.06916523216431641,-1
FISV,2016-05-20,0.007887928836056782,0.55041331079235,-1
FOSL,2014-04-03,-0.04929224481029781,-1.5214076670891463,-1
SUPN,2017-05-05,-0.01288997297025839,-0.1732133656217854,-1
EA,2014-12-05,0.005198843906510832,0.18274839466349496,-1
FOSL,2014-09-19,-0.0164973077017248,-0.7903351792333928,-1
WMT,2010-06-03,0.0024630223237985943,0.17649176735686142,-1
UTX,2011-05-20,0.0010118328148580203,0.13297339860429244,-1
RTN,2017-03-30,-0.004835813173270224,-0.2714699877499795,-1
IDT,2011-08-18,-0.010183364091548651,-0.29830173350558237,-1
PII,2009-08-14,0.009827456882312225,0.1926756468944656,-1
LLY,2009-03-09,-0.00511416967517294,-0.17539272624227006,-1
DG,2016-07-14,-0.019063850790596776,-0.5854216216089722,-1
HOLX,2012-07-23,0.006367597740645214,0.1433665242073414,-1
SPLS,2010-12-21,0.013792143535203584,0.6891596485307546,-1
CSCO,2014-08-22,-0.0052560232811822705,-0.5367036008992867,-1
WMT,2009-07-16,-0.0011436280625535446,-0.040130740183522765,-1
WHR,2016-01-08,-0.028207240892319678,-0.5662801662278173,-1
NKE,2008-06-18,0.004574887793264447,0.17807082148209566,-1
LLY,2016-04-14,0.046637377646055106,1.4296182155359043,-1
RMBS,2013-05-08,0.05463822653365906,1.4973772387341184,-1
T,2013-10-07,0.03162380153867514,2.2746474211495666,-1
IPXL,2009-10-06,0.0928557515200675,2.51763628580333,-1
ENZ,2014-01-03,-0.01480501957509646,-0.3475817667657533,-1
SUPN,2017-04-04,-0.010907971923781566,-0.2151868443083938,-1
JKHY,2016-03-31,-0.025823909812077328,-1.5295501436068646,-1
WDC,2015-03-31,0.011388023184857975,0.3028202050739281,-1
NTGR,2011-03-04,-0.03350581460001294,-1.0794522734208436,-1
MMM,2010-06-29,0.028491864552575068,1.9187582732019473,-1
DCI,2010-06-11,0.02921751873169587,1.5866364557839667,-1
WHR,2016-08-04,-0.014045765931565306,-0.6083264078207208,-1
FBC,2010-05-17,-0.16561362764590584,-1.1730481115734106,-1
SPLS,2015-07-29,0.04874545381675158,2.8761480059757214,-1
NKE,2013-05-17,-0.022244691554265762,-0.5255397588968256,-1
FNSR,2014-01-10,-0.011548560894720044,-0.18962720789461726,-1
MON,2011-08-03,0.001684520412495151,0.07224869349769167,-1
CRY,2015-03-10,-0.036726264785640936,-0.7265573942396368,-1
AVP,2011-11-18,-0.0027471767007106896,-0.13970252260104124,-1
XLNX,2012-05-18,-0.0008798732174395245,-0.0436862213601897,-1
CAMT,2012-08-17,0.005587988534255805,0.10484584368256716,-1
MSFT,2013-05-08,-0.03963058888036642,-4.396375304938687,-1
COH,2012-02-22,0.005179592297740173,0.1696389824399816,-1
AAPL,2011-07-08,0.018090756064141837,0.845286155261806,-1
GGG,2017-03-14,-0.0009380334269596087,-0.05825563700376683,-1
MMM,2011-05-13,-0.007546300670477131,-0.4992360025946693,-1
MMM,2010-05-13,0.014935073618511556,0.7657462857968091,-1
MON,2010-06-17,-0.002690217193017391,-0.10136052032484852,-1
IBM,2011-03-01,0.0030666220027712717,0.3075788388933651,-1
NUAN,2014-01-09,0.0013533043516973718,0.05338107666362134,-1
MON,2008-11-20,-0.03219520211678649,-0.3672644173012294,-1
EXTR,2011-11-10,0.00637682914195871,0.1055286978495723,-1
AAPL,2014-06-20,-0.02941996485229923,-0.8398868909452891,-1
MTSC,2010-01-04,-0.009406908636205327,-0.30848683486537815,-1
IDT,2011-02-15,-0.022212659542095677,-0.23753209847665127,-1
BKS,2017-01-12,0.0022958054064067396,0.042135305165929594,-1
NKE,2012-03-22,-0.03861134755789459,-2.908403155690891,-1
VAR,2012-02-23,-0.012016757647520353,-0.7881403224302607,-1
SSNI,2014-12-19,0.03162787005504014,0.5023894725861747,-1
ITW,2013-11-18,-0.009142582221325073,-0.6827143021904891,-1
PII,2009-09-17,0.06437377819769156,1.255163320744342,-1
AAPL,2016-09-21,-0.030849286289421116,-1.0986288345561797,-1
MPWR,2012-05-03,-0.0005112626613885066,-0.011815699893944355,-1
HAS,2011-03-09,0.008613455151562314,0.37783716816366597,-1
NKE,2008-09-03,0.027207418950310428,0.6500736749697573,-1
BELFA,2011-07-11,-0.0007966242202680955,-0.021356435094086322,-1
LLY,2016-08-22,-0.022739682017717405,-1.2033701323339647,-1
MON,2009-03-27,-0.013609534551671802,-0.17860163237046595,-1
PH,2011-05-25,0.029330953475359297,1.5475043917895386,-1
TXN,2014-09-19,0.017833519544819116,1.1681306358104382,-1
MON,2014-03-14,0.017977942812803713,0.8209074704606328,-1
MSFT,2009-04-08,0.015093543015644108,0.2888030007683258,-1
WHR,2016-08-08,-0.021525699328687274,-0.9528331818063442,-1
BBRY,2015-02-23,-0.004491994218674272,-0.1088910419416776,-1
POWI,2011-01-26,-0.02118593885883754,-0.7982407587328237,-1
WHR,2016-04-14,-0.011074405373360071,-0.36406224770233964,-1
CTXS,2014-09-26,-0.009102757370411852,-0.4556620491769375,-1
PFE,2010-02-16,-0.03782914954974204,-1.8012388889934023,-1
GILD,2017-01-26,0.032690616616019685,1.3303813250613767,-1
PH,2011-03-17,0.03411601608293803,1.1673399371164261,-1
HAS,2013-10-04,-0.004015269976616907,-0.17286978066121006,-1
AAPL,2014-01-03,-0.043942147047361504,-2.0334616069164313,-1
LLY,2011-12-02,0.016819921666082756,0.9197537251516089,-1
WHR,2016-07-26,0.02755164941926925,1.2265146520899755,-1
JNJ,2011-09-29,0.007963247797102793,0.48526200994428964,-1
BBRY,2015-06-09,-0.06425953048749525,-1.5813245623183367,-1
MON,2008-08-21,0.022200810238365867,0.47532317794306767,-1
TEX,2014-01-29,0.06749268580107244,2.329961079327917,-1
MON,2009-01-15,0.05426239793014974,0.877210019159506,-1
AAPL,2016-09-14,0.08176544185509363,2.9557816856542902,-1
QTM,2008-08-20,-0.07830278865807365,-0.9237021590253596,-1
BKS,2016-12-28,-0.05402874311202201,-1.590764633939599,-1
WDC,2011-07-26,-0.022637977136494784,-1.0779050679161573,-1
AMRI,2010-06-02,-0.07269914715230662,-2.583387032895456,-1
IBM,2011-07-14,0.011551736529911594,0.8195990079073574,-1
BHI,2009-09-11,0.06430322866630456,2.2013853496515945,-1
AAPL,2011-08-30,-0.04006660413485013,-1.5621992466662298,-1
GGG,2016-11-22,0.01053400787267608,0.4364468651087783,-1
WHR,2016-01-22,-0.009629423288008882,-0.37254539757465016,-1
MON,2010-02-17,-0.005113768814076955,-0.3326905943127297,-1
PRGO,2014-06-23,0.0715363620589583,1.6216265871782476,-1
AMZN,2017-03-14,-0.010853024498887994,-0.52476577654477,-1
GMED,2013-06-14,0.01091549089237466,0.300949868148592,-1
FMC,2010-01-06,-0.030710443598068307,-1.364137585689076,-1
NTAP,2014-09-25,-0.025159355088637442,-1.4030073142001553,-1
NTAP,2015-04-15,0.023621881500446938,0.6300350511756151,-1
WHR,2010-03-11,-0.024289152431393658,-0.9839621893803673,-1
SNPS,2010-11-12,-0.013890909092332475,-1.1752677083154779,-1
TEX,2011-05-26,0.03422338251571096,0.7884825856250854,-1
ILMN,2013-06-05,-0.01879855553069628,-0.834463518758785,-1
RMBS,2012-03-21,0.03855683946063164,0.5704002446050117,-1
CTXS,2008-04-28,0.0017930031658934635,0.05011619054244237,-1
WHR,2016-11-04,0.029106515252367873,1.4276998200820348,-1
ABT,2009-03-19,-0.048495509281897935,-1.6477260647517036,-1
PH,2008-08-04,-0.014075253065722125,-0.5094152821125773,-1
ABBV,2014-07-15,-0.03288445820004777,-1.3860026219095334,-1
WHR,2017-03-10,0.006259873091372074,0.3734266347142605,-1
AAPL,2016-12-15,0.01581691442799961,0.9853144180843297,-1
ABT,2011-09-30,0.004415928736564704,0.2168012049462629,-1
DCI,2012-10-02,-0.016156648090735724,-0.59925730219839,-1
CIX,2010-10-04,-0.19499101864105542,-3.9324786850581086,-1
POWI,2014-03-04,0.05622132045826355,2.093988706414789,-1
GE,2011-05-03,0.0074802278803517835,0.503310795968849,-1
NUAN,2008-11-06,-0.10015206538604114,-2.2740301967086074,-1
AMGN,2009-12-28,0.015987487645408985,0.46866626064649586,-1
CAMT,2015-07-07,-0.05224467729121695,-0.8073914729785652,-1
DECK,2014-06-20,0.03410042400423073,0.8386460102492138,-1
JNJ,2010-02-22,-0.011359499759770797,-1.3394167085865238,-1
BSX,2011-05-11,-0.12151716707659332,-2.9227200284129764,-1
HOLX,2011-10-18,-0.03860679019363202,-1.4669201554568507,-1
LLY,2011-03-21,-0.0034660900123445037,-0.29888045891564796,-1
SYMC,2015-06-08,-0.010837190031371995,-0.346898526649067,-1
CAMT,2012-05-01,0.0729435853563627,1.0343502872365624,-1
CAMT,2009-08-28,0.012531449216404325,0.11741675284957341,-1
AMGN,2017-01-05,0.06421961705681702,1.4005312602132252,-1
WHR,2016-01-27,-0.027083786143822366,-0.959599938552086,-1
MON,2009-11-13,0.040306679988555014,1.4357981052028899,-1
AVT,2016-02-17,0.039376152977621974,2.4723769783344807,-1
CHTR,2017-03-02,-0.017145230003079315,-0.7586593697627059,-1
HAE,2009-06-01,0.04164190397433788,1.0644808372520398,-1
DECK,2014-04-09,-0.00929464636438456,-0.17088912598834022,-1
DECK,2014-07-31,0.023169904299174968,0.8265830961804569,-1
AMZN,2010-06-16,-0.009864216939333795,-0.2235453786880911,-1
LLY,2009-09-23,0.017043524242497637,0.7438922729989804,-1
MTSI,2016-12-07,0.0027832413243406295,0.08117216785441753,-1
ACOR,2016-08-05,-0.04255615780977963,-1.0681677127779317,-1
SSNI,2016-07-25,0.03197803864131762,0.784887520645317,-1
PRKR,2013-10-28,-0.10701929198865485,-1.5416557058180933,-1
AVY,2008-05-08,-0.015803607912546154,-0.7017123885896857,-1
ENR,2008-11-03,-0.152421819556598,-8.474165411797376,-1
CGNX,2015-05-01,-0.04236580761206157,-1.3389382675647457,-1
CSCO,2014-07-23,-0.006464301250386136,-0.2512920721016963,-1
DECK,2012-06-05,-0.03852731067456849,-1.0482940790175583,-1
SSNI,2014-11-14,-0.0484539741442002,-0.5673993393763618,-1
DECK,2015-01-09,0.010020308066234683,0.2248140644935504,-1
POWI,2015-12-17,0.015221419361194605,0.3273734542473822,-1
POWI,2011-02-03,0.11253046351904988,4.613635132762551,-1
WHR,2016-10-28,0.04429019300921637,2.1532172536169445,-1
MPWR,2011-03-03,-0.024924228357834248,-0.6061173575288443,-1
DEPO,2017-04-11,-0.0718601788035649,-1.2930943131097397,-1
LZB,2017-02-28,0.010278661924065003,0.20062640479493482,-1
NATI,2011-12-29,0.016220355361186108,0.6780582725977714,-1
AAPL,2014-05-05,0.005368179701012707,0.3181277355930376,-1
HAS,2008-03-24,0.0004372170246672649,0.008689850496221398,-1
EBAY,2008-06-12,-0.023632593889163833,-0.6010195221092235,-1
LLY,2009-04-22,-0.01778265975419622,-0.5432657208610564,-1
RMBS,2009-03-10,-0.009768571142591505,-0.04754501684916131,-1
MON,2012-08-01,-0.017039605406049072,-0.6621442366414118,-1
LLY,2017-05-22,-0.024070999433052527,-1.6737090677061097,-1
SUPN,2013-04-29,0.11703677128035692,3.116635413922058,-1
MON,2009-09-30,0.01772674530510744,0.5488252171812107,-1
FMC,2010-02-04,0.05796508888339766,4.04032077185812,-1
NKE,2013-05-15,-0.01987889272065936,-0.4669938550005332,-1
AAPL,2016-09-30,-0.016474203606758463,-0.5807582295349393,-1
POWI,2015-08-07,0.030205554251476165,1.3305686991210466,-1
DECK,2013-12-10,-0.011230013601058773,-0.13785452332081655,-1
CSCO,2011-05-20,-0.007870280274849487,-0.3159791167924369,-1
BKS,2017-03-22,-0.016239774815303573,-0.30799677597186126,-1
XLNX,2013-08-30,0.025094171563839314,0.9135287312426623,-1
HAE,2012-05-10,0.028396972576317993,1.890430092096167,-1
AMGN,2008-10-02,-0.10856885235924701,-2.1536377955962327,-1
LKQ,2016-11-30,-0.019351189017951492,-1.1992532712788257,-1
PLT,2012-10-23,0.017552002693259856,0.4446728119750229,-1
BDX,2010-05-19,0.002789848240162542,0.25004188291097984,-1
AMGN,2017-01-31,0.02383683155871938,0.7371105647254024,-1
SYK,2013-09-05,0.006118152451685337,0.48801635119159786,-1
HON,2014-02-06,-0.00040659609688327,-0.04957936989371642,-1
WHR,2016-07-15,0.03379151580971147,1.3275082013749344,-1
MDCO,2012-01-24,0.005515789405425442,0.16352221040732332,-1
FDX,2009-07-13,-0.010157677982928524,-0.25098228414632495,-1
AAPL,2016-02-03,0.020470700137844463,0.8361215743661533,-1
NKE,2016-02-17,0.020559441941221147,0.7312723496187136,-1
DISH,2010-02-08,-0.014582391769458452,-0.698508637228035,-1
CAMT,2012-03-26,-0.0032967673692361112,-0.06049875696540297,-1
SUPN,2013-05-31,0.08632045231279319,0.7878969522781301,-1
SPLS,2012-01-20,0.033548261795560794,0.8649503685500137,-1
MSFT,2008-07-24,0.023796413121597318,1.3336031195545468,-1
TGT,2015-07-29,0.018701243962494205,0.9127952088004119,-1
DG,2016-07-13,-0.04689354269922808,-1.433034593106536,-1
GILD,2016-03-24,-0.006478007176013937,-0.1493245105274517,-1
BSX,2008-02-11,0.027864280840702794,0.6872441091566323,-1
TWTR,2016-05-20,-0.00862595766000622,-0.1408231886279024,-1
AAPL,2015-03-20,-0.020662649655153742,-0.5704301797434383,-1
SYMC,2016-03-24,-0.02017057686006731,-0.668875247419053,-1
NKE,2008-02-26,0.018942548325165655,0.8946304086774555,-1
SNA,2016-04-28,-0.00037311721568843853,-0.011044048168900478,-1
MON,2010-02-09,-0.03541233651894142,-1.5086604172588478,-1
XLNX,2013-09-03,0.02086747373631317,0.7580881884014068,-1
VAR,2012-04-26,-0.07306678652830818,-4.133499477327075,-1
PRGO,2014-08-28,-0.006330481400708309,-0.16060621903354894,-1
GMED,2014-04-09,-0.09404806260343343,-1.924061127336075,-1
EA,2015-04-24,-0.013978192373424164,-0.6957164051154783,-1
CL,2012-02-03,-0.009966508024074769,-0.7528425525224572,-1
MNTA,2011-10-28,0.21109139551847353,5.408145454226042,-1
PII,2009-04-16,0.04990690574934893,0.8217199799659438,-1
AAPL,2013-09-16,-0.03198258017384277,-1.0222748655847314,-1
ILMN,2013-07-01,-0.03976796121850927,-0.8278382744524613,-1
DORM,2009-12-11,-0.0192621499194569,-0.5773634838692854,-1
ITW,2016-02-09,0.013046143698202681,0.9909708211762391,-1
XLNX,2013-10-02,-0.027274932079639713,-1.0988736177527756,-1
AAPL,2011-03-10,0.012704568136279645,0.6052253717245606,-1
CSCO,2013-03-22,-0.04343858113088705,-2.3232062162062883,-1
BDX,2009-11-09,0.036019537333668424,1.7728881293114287,-1
WHR,2017-01-27,-0.08874187930223221,-4.195802621867926,-1
AAPL,2015-09-02,-0.0033592578887350222,-0.19744876398664396,-1
LLY,2017-04-21,-0.024794273041674985,-1.3565650939607419,-1
BELFA,2011-01-24,-0.09914782088323142,-1.9039723898661587,-1
XLNX,2013-09-04,0.030037571770012927,1.096789752494225,-1
SSNI,2014-12-04,0.058781371298293014,0.7731574037625015,-1
SNPS,2014-12-19,-0.010760657252559529,-0.5540350192099002,-1
BKS,2017-01-04,-0.0708265475813036,-1.8692015481550408,-1
CIX,2010-02-25,0.014520726691049951,0.2417893054586241,-1
ABT,2012-05-22,-0.010990184963581812,-1.0267454981668638,-1
AAPL,2017-05-05,0.03553333503841609,4.326211494289058,-1
MMM,2010-07-12,-0.002647623814509124,-0.18825821568835102,-1
ELY,2008-11-10,-0.0279432122323312,-0.631910088138074,-1
CBS,2014-09-15,-0.017182731849037014,-0.49270422428305516,-1
AMGN,2017-02-15,0.03219795788416244,1.4855711924485693,-1
AAPL,2011-01-05,0.019269739027037457,0.9238921113551324,-1
PRGO,2016-12-14,0.020617547719368478,0.5421862733674887,-1
